AirlineName,avg_sentiment
Qatar Airways,0.645037204007286
Emirates,0.36441415261756877
Etihad Airways,0.13530918854415275
